activity,Prob_High Automatable User Task,Prob_Low Automatable User Task,Prob_Automated,Prob_Physical or Cognitive Task,C_action_Automated,C_action_Low Automatable User Task,C_action_High Automatable User Task,C_action_Physical or Cognitive Task,C_activity_Automated,C_activity_Physical or Cognitive Task,C_activity_Low Automatable User Task,C_activity_High Automatable User Task,C_business object_Automated,C_business object_Physical or Cognitive Task,IT_relatedness,deterministic_following_activity,deterministic_preceding_activity,following_activities_standardization,preceding_activities_standardization,failure_rate,number_of_resources,ef_relative,median_execution_time,et_relative,stability,business object,action,executing resource,process_name
w change contract data,0.4294592402755312,0.2421895046923939,0.06921530014602928,0.25913595488604524,0.10611185431480408,0.38596272468566895,0.27520281076431274,0.23272261023521423,0.09953870624303818,0.2693221867084503,0.28728267550468445,0.3438563942909241,0.8245391845703125,0.1754607856273651,1.0,False,True,0.0,1.0,1.7142857142857142,6,4.5766590389016025e-05,49.665,0.001247734259477862,8857.90173003075,w contract data,change,missing,BPI_Challenge_2012
o sent,0.14173540555305403,0.11828117729993455,0.2346905927348153,0.5052928244121959,0.12197122722864151,0.39249908924102783,0.2475452721118927,0.23798444867134094,0.13858743011951447,0.2947222888469696,0.24290506541728973,0.3237851560115814,0.6119653582572937,0.3880347013473511,1.0,False,True,3.0,1.0,1.4017946161515453,58,0.026811594202901728,0.0,1.3107238315706818e-08,2.3413822994104302e-06,o,sent,missing,BPI_Challenge_2012
w complete application,0.10211392947276567,0.19263535607023094,0.08303497029075033,0.6222157441662531,0.11794764548540115,0.31198370456695557,0.28788521885871887,0.2821834683418274,0.10461629927158356,0.2707887589931488,0.24787908792495728,0.37671586871147156,0.7308571934700012,0.2691427767276764,1.0,False,False,2.0,2.0,7.445364463146464,55,0.20919145690292454,2.18,0.18823463856606357,0.2493383515502417,w application,complete,missing,BPI_Challenge_2012
w follow up incomplete files,0.10102690531985284,0.2672962754886083,0.09219275145298259,0.5394840677385562,0.11771091818809509,0.2560928761959076,0.301140695810318,0.3250555694103241,0.09870313853025436,0.2677163779735565,0.27813783288002014,0.3554426431655884,0.8482559323310852,0.15174414217472076,1.0,False,False,0.0,0.0,15.294474802671523,52,0.09607170099161504,8.1,0.059564999078088626,0.15514931557660855,w incomplete files,follow up,missing,BPI_Challenge_2012
w follow up offers,0.0930888692359642,0.1413624328209405,0.06753130357097202,0.6980173943721235,0.10990118235349655,0.3904290795326233,0.2509431838989258,0.24872653186321259,0.10383608937263489,0.33912694454193115,0.1955510526895523,0.36148586869239807,0.6614327430725098,0.3385672867298126,1.0,False,False,0.0,0.0,10.372083748753738,53,0.19838291380620204,2.12,0.6385997435107946,0.1535971439143366,w up offers,follow,missing,BPI_Challenge_2012
o sent back,0.0718948064762494,0.10010428188059584,0.29728880708567307,0.5307121045574812,0.12725608050823212,0.3108919858932495,0.28202739357948303,0.2798245847225189,0.14650419354438782,0.28816741704940796,0.26460909843444824,0.30071938037872314,0.6119653582572937,0.3880347013473511,1.0,True,False,1.0,2.0,1.061462814996927,26,0.01317315026697218,0.37,1.6743050844557692e-05,0.0009773286159942248,o,sent back,missing,BPI_Challenge_2012
w validate application,0.018532572321176943,0.05624455919020048,0.10805629538828311,0.8171665731003396,0.09459131956100464,0.14589792490005493,0.2646712362766266,0.49483948945999146,0.10604127496480942,0.2757298946380615,0.24164979159832,0.3765791356563568,0.7308571934700012,0.2691427767276764,1.0,True,True,1.0,1.0,6.394898586355255,54,0.07936308161704567,0.81,0.09156875986450232,0.22616958702351583,w application,validate,missing,BPI_Challenge_2012
a activated,0.013485340186892321,0.10934343527893145,0.21619163376260414,0.660979590771572,0.10669149458408356,0.21849146485328674,0.3319319486618042,0.3428851068019867,0.14358754456043243,0.2842002213001251,0.20013341307640076,0.3720788359642029,0.6622947454452515,0.3377052843570709,0.5843467712402344,False,False,0.0,0.0,1.0,9,0.00856598016781055,0.0,1.8926975200540873e-05,0.009727614707909216,a,activated,missing,BPI_Challenge_2012
a partlysubmitted,0.010480690697755922,0.05037054639227465,0.5307650398936384,0.40838372301633097,0.0,0.0,0.0,0.0,0.18179446458816528,0.31827494502067566,0.21297156810760498,0.2869589924812317,0.6378246545791626,0.3621753454208374,0.5843467712402344,False,True,4.0,1.0,1.0,1,0.04991228070174337,0.0,6.972066202674536e-07,3.977024914449712e-06,a partlysubmitted,missing,missing,BPI_Challenge_2012
w handling leads,0.00978185639137452,0.15208078310200407,0.3853324403098683,0.452804920196753,0.1274344027042389,0.1193065196275711,0.34444332122802734,0.40881583094596863,0.1536734700202942,0.2773594558238983,0.2020135372877121,0.3669535517692566,0.7849604487419128,0.21503952145576477,0.559769868850708,False,True,2.0,1.0,3.4839116719242904,51,0.06318077803202934,0.53,0.009952599151349727,0.06307786944248565,w leads,handling,missing,BPI_Challenge_2012
o selected,0.009733532053332692,0.06633988278899983,0.19802247460726266,0.7259041105504048,0.12722302973270416,0.1702560931444168,0.2812232971191406,0.421297550201416,0.13425099849700928,0.3004491925239563,0.20397816598415375,0.3613215684890747,0.6119653582572937,0.3880347013473511,1.0,True,False,1.0,4.0,1.4017946161515453,58,0.026811594202901728,0.69,9.684039961055993e-05,0.0010953852488217654,o,selected,missing,BPI_Challenge_2012
o accepted,0.00804039298556056,0.05079051423128352,0.1636870251982165,0.7774820675849395,0.11928170174360275,0.17856502532958984,0.2565152943134308,0.445637971162796,0.13008026778697968,0.3431887626647949,0.2050272673368454,0.3217037320137024,0.6119653582572937,0.3880347013473511,1.0,False,False,0.0,0.0,1.0,8,0.008554538520213784,1.63,0.00011242404445931369,0.007918818756165732,o,accepted,missing,BPI_Challenge_2012
a submitted,0.007070132352613713,0.10308874165336587,0.2614811309098669,0.6283599950841536,0.13983237743377686,0.1576177328824997,0.32843509316444397,0.3741147816181183,0.14507898688316345,0.35407745838165283,0.16616444289684296,0.33467909693717957,0.6622947454452515,0.3377052843570709,0.5843467712402344,True,False,1.0,0.0,1.0,1,0.04991228070174337,-1.0,-8.053259522894605e-05,0.0,a,submitted,missing,BPI_Challenge_2012
o declined,0.007064388582666643,0.05441767599824179,0.14894276984369326,0.7895751655753983,0.13069874048233032,0.16869518160820007,0.2748861312866211,0.4257199466228485,0.12628239393234253,0.3567037284374237,0.1904783993959427,0.3265354335308075,0.6119653582572937,0.3880347013473511,1.0,False,False,0.0,0.0,1.0,44,0.0030587337909992675,1.525,4.313204450819354e-05,0.025315428080904652,o,declined,missing,BPI_Challenge_2012
a preaccepted,0.006446620906731403,0.12255958838264937,0.5944859026138145,0.27650788809680477,0.21211907267570496,0.12511591613292694,0.31502145528793335,0.34774354100227356,0.16611090302467346,0.3540849983692169,0.16240210831165314,0.3174020051956177,0.6622947454452515,0.3377052843570709,0.5843467712402344,True,False,1.0,2.0,1.0,49,0.028096872616318845,0.7,6.436552443431813e-05,0.0006132109469992544,a,preaccepted,missing,BPI_Challenge_2012
o cancelled,0.00641628473281283,0.07147568212510204,0.13980124824816031,0.7823067848939246,0.1338772475719452,0.14606769382953644,0.34089195728302,0.37916308641433716,0.1284608244895935,0.3838523328304291,0.1837068349123001,0.3039800524711609,0.6119653582572937,0.3880347013473511,1.0,True,False,1.0,0.0,1.3740601503759398,60,0.013939740655986944,0.0,0.0019543621534230714,5.530496500955248,o,cancelled,missing,BPI_Challenge_2012
a accepted,0.006371729811107633,0.07230978077753206,0.3837007949376036,0.5376176944737564,0.11928170174360275,0.17856502532958984,0.2565152943134308,0.445637971162796,0.15753482282161713,0.30661049485206604,0.18487602472305298,0.35097864270210266,0.6622947454452515,0.3377052843570709,0.5843467712402344,False,False,4.0,0.0,1.0,53,0.019500381388254193,6.23,0.0002194333841586483,0.0006847307390218407,a,accepted,missing,BPI_Challenge_2012
a declined,0.00632581495662993,0.07677465630184693,0.31052708246651567,0.6063724462750073,0.13069874048233032,0.16869518160820007,0.2748861312866211,0.4257199466228485,0.15025849640369415,0.34738612174987793,0.1812838613986969,0.32107144594192505,0.6622947454452515,0.3377052843570709,0.5843467712402344,False,False,0.0,2.0,1.0,59,0.02911899313500811,0.75,0.0001533590573732085,0.0014956548528897602,a,declined,missing,BPI_Challenge_2012
o created,0.006087939698389181,0.1132463066274273,0.6404025729620773,0.24026318071210614,0.15092279016971588,0.1482188105583191,0.3936077952384949,0.30725058913230896,0.18458931148052216,0.2598658800125122,0.19751621782779694,0.3580285608768463,0.6119653582572937,0.3880347013473511,1.0,True,False,1.0,4.0,1.4017946161515453,58,0.026811594202901728,0.02,3.095523550391003e-06,7.400292190357628e-05,o,created,missing,BPI_Challenge_2012
a finalized,0.00603727380832141,0.11311395580121675,0.4430537271170183,0.43779504327344365,0.1450372040271759,0.1558491438627243,0.35218051075935364,0.3469330966472626,0.16562730073928833,0.3422897458076477,0.17483307421207428,0.3172498345375061,0.6622947454452515,0.3377052843570709,0.5843467712402344,True,False,1.0,2.0,1.0,53,0.019126620900077697,0.0,4.891596724889736e-05,0.0009004359808373896,a,finalized,missing,BPI_Challenge_2012
a cancelled,0.005671121147645219,0.0929469927164236,0.22128870318252758,0.6800931829534037,0.1338772475719452,0.14606769382953644,0.34089195728302,0.37916308641433716,0.14228922128677368,0.39391782879829407,0.16524621844291687,0.298546701669693,0.6622947454452515,0.3377052843570709,0.5843467712402344,False,False,0.0,2.0,1.0,58,0.01070556826849778,0.0,0.0063748953790314245,9.548676894072097,a,cancelled,missing,BPI_Challenge_2012
w assess fraud,0.004676823106489542,0.053127817783404335,0.07074113310325159,0.8714542260068547,0.10188067704439163,0.13601469993591309,0.3341766595840454,0.42792803049087524,0.10655415803194046,0.4190509617328644,0.16527460515499115,0.3091202974319458,0.6486327648162842,0.3513672649860382,0.559363067150116,False,True,0.0,1.0,6.148148148148148,19,0.0025324180015255803,0.41000000000000003,0.001705377300523233,4.991836076745478,w fraud,assess,missing,BPI_Challenge_2012
a approved,0.0038175835053566617,0.044903669742274416,0.34749630063831444,0.6037824461140547,0.0854467898607254,0.12972132861614227,0.20647487044334412,0.5783569812774658,0.15204524993896484,0.33649975061416626,0.175741046667099,0.3357139229774475,0.6622947454452515,0.3377052843570709,0.5972120761871338,False,False,0.0,0.0,1.0,9,0.00856598016781055,0.0,5.13267145177055e-05,0.015055395313706617,a,approved,missing,BPI_Challenge_2012
a registered,0.0021866527901902625,0.047170419692718055,0.6938595845113307,0.25678334300576083,0.13625450432300568,0.13842566311359406,0.30457383394241333,0.42074599862098694,0.1915757954120636,0.3337502181529999,0.18297748267650604,0.2916964888572693,0.6622947454452515,0.3377052843570709,0.5843467712402344,False,False,0.0,0.0,1.0,9,0.00856598016781055,0.0,4.815033222953574e-05,0.9613517524650711,a,registered,missing,BPI_Challenge_2012
